{"eval/samples_per_second":11.058,"_runtime":1226.830699663,"train_samples_per_second":3.307,"_wandb":{"runtime":1228},"train_runtime":1209.6989,"total_flos":1.3250992128e+14,"train/learning_rate":0,"eval/f1":0.3343867594201268,"train/epoch":5,"train/grad_norm":0.6836610436439514,"eval/runtime":18.086,"eval/roc_auc":0.634856148723695,"_step":2,"train_steps_per_second":0.413,"_timestamp":1.731807538084276e+09,"train/loss":0.2624,"eval/loss":0.239653542637825,"eval/steps_per_second":1.382,"eval/hamming_loss":0.10575,"train_loss":0.26239923095703127,"train/global_step":500}